Model,Dataset,Macro F1,Macro Precision,Macro Recall
flair,sent_eval,0.8505644900479228,0.8462003591808359,0.8579423788203231
flair,sst2,0.9357744107744108,0.9357798165137614,0.9359265807863939
