Model,Dataset,Macro F1,Macro Precision,Macro Recall
tweetnlp,sent_eval,0.8133088709277533,0.8094521459786415,0.8202258127311661
tweetnlp,sentiment140,0.8673687042642267,0.8689366347968978,0.8686352463940562
tweetnlp,mteb,0.7554874914370476,0.7633880069462137,0.7528735632183908
tweetnlp,amazon,0.6071880177644117,0.6079389797764582,0.6136666666666667
tweetnlp,sst2,0.7969219352572225,0.7987320916527167,0.7976867053969858
tweetnlp,financial_phrasebank,0.5882663303310572,0.7320697657746548,0.5482648233614845
