Model,Dataset,Macro F1,Macro Precision,Macro Recall
tweetnlp,mteb,0.3160112811249293,0.6539899194912387,0.4057471264367816
tweetnlp,amazon,0.21450550903111498,0.6420821396219606,0.379
