Model,Dataset,Macro F1,Macro Precision,Macro Recall
stanza,mteb,0.6005734613305395,0.6024912502861691,0.6057471264367816
stanza,amazon,0.48459789639506257,0.5019896325363552,0.48266666666666663
